caption/meaningofwarikiri.html,割り切りの意味と割り切りでない出会い方,
caption/warikiricheck.html,割り切りの見分け方と注意点、募集方法,
caption/index.html,出会い系の隠語とネトナン予備知識,
caption/freesite.html,無料出会い系サイトや無料出会いアプリは出会えない！,
caption/fraud.html,悪質出会い系サイトを見分ける方法,
caption/dealerprofile.html,業者のプロフィールを見分ける方法,
caption/storyofexperience.html,出会い系体験談はウソ？体験談サイトの信憑性,
caption/fwari.html,F割り、車内割りの意味とやり方,../images/art_images/fwari.jpg
caption/jkandjc.html,JK（女子高生）やJCの見分け方,
caption/tsutsumotase.html,出会い系の美人局の手口、特徴、対策,
caption/sakura.html,出会い系アプリのサクラのメッセージの特徴と対策,
caption/rapaciousdealer.html,業者対策 アドレス収集業者と誘導業者,
majime/m1remarriage.html,バツイチ男性が再婚できる掲示板やメール例文とおすすめサイト,
majime/m0enjokousai.html, 素人が援助交際をしている出会い系サイト ,
majime/kakikata_p.html,出会い系のプロフィールと自己紹介例文,
majime/m2conversation-technic.html,出会いアプリやLINEの会話テクニック,
majime/m2topic.html,出会い系の定番の話題と会話の盛り上げ方,../images/art_images/m2topic.jpg
majime/m0bigboobs.html,巨乳の女性と出会う方法とエッチする掲示板例文,
majime/m2lineid.html,ラインIDや直アドの聞き方と連絡先交換のメール例文,
majime/m1netnan-sex.html,ネトナンでセックスする攻略法とアポまでのメッセージ例文,
majime/m2htalk.html,エッチな会話やメールHに持ち込む会話例文,../images/art_images/m2htalk.jpg
majime/m0aijin.html,愛人掲示板と愛人募集掲示板投稿例文,
majime/m2_0_1.html,出会い系の会話のコツと質問メッセージ例文,
majime/m1wakuwakumail.html,ワクワクメールの伝言板で出会う例文,
majime/m4manual.html,出会い系攻略マニュアルと無料ポイント活用のやり方,
majime/m1_8.html,童貞卒業メール例文と童貞が出会い系で出会う方法,
majime/m2_11.html,敬語からタメ口への移行と電話、写メ交換に誘うメール例文,
majime/m4virgin.html,処女と出会える募集掲示板と出会う方法,
majime/m1_9.html,ぽっちゃり女子と出会えるぽちゃ掲示板とメッセージ例文,
majime/index.html,必ず出会える出会い系サイトのメール例文,
majime/m0bbs.html,PCMAXで出会える掲示板投稿文の書き方,../images/art_images/m0bbs.jpg
majime/m0sexfriend.html,おすすめセフレ募集掲示板と出会い系のセフレの作り方,../images/art_images/m0sexfriend.jpg
majime/m0easytocapture.html,ネトナンで攻略しやすい女性のプロフィールの探し方,
majime/m2_2_1.html,安心感を与えて好感度アップのモテるメール例文,
majime/m2.html,人妻と仲良くなる方法と出会えるメールの書き方,
majime/kakikata_d.html,出会いの方法とコツ,
majime/majime.html,セカンドメール（最初の返信メール）例文,
majime/m1goldenweek.html,GWのネトナン用メールと掲示板投稿の書き方,
majime/m2marriedwomenu.html,浮気したい人妻の探し方と女性に浮気させる例文,
majime/m4application.html,女の子と簡単に会話できる出会い系アプリ,
majime/t01bbs.html,読者から投稿されたオリジナル例文,
majime/m0marriedman.html,既婚者が不倫やW不倫できるネット掲示板と書き込み例文,
majime/m4honban.html,本番ありの素人女性との出会いの探し方,
majime/m1-adult.html,エッチな出会いができるサイトとエッチな女性と出会えるメール例,
majime/m3_3.html,デート後のお礼メール例文,
majime/m2firstreply.html,２通目のメッセージの書き方,../images/art_images/m2firstreply.jpg
majime/m1middle-aged.html,中年男性が出会えるメッセージ例文,
majime/m0_6.html,メル友募集や趣味友募集掲示板例文,
majime/m4personal-data.html,個人情報が安全な出会い系サイト一覧,
majime/m0sexfriendmw.html,人妻セフレ募集の掲示板例文,
majime/m0ym.html,出会い系の待ち作戦で無料ポイントだけで出会う,
majime/m4hitoduma.html,出会い系の人妻攻略法と不倫・浮気に誘うメール例文,
majime/m1forties-and-fifties.html,４０代や５０代男性が出会えるメッセージ例文,
majime/m3_2.html,即ヤリできるエッチ約束メール例文とサイト,
majime/m2-sympathy.html,距離を縮める共感メール例文,
majime/m2_1_2.html,出会い系で好きな男性のタイプや本名を聞くメールの書き方,
majime/m1marriagehunting.html,婚活用ファーストメールと掲示板の結婚相手募集投稿の例文,
majime/m1sexfriendbun.html,出会い系でセフレを作るメール（メッセージ）例文,
majime/m0_10.html,遊び友達＆飲み仲間募集用の書き込み例文,
majime/m1sexfriendmail.html,出会い系のセフレの作り方とメッセージ例文,
majime/m0sexfriendprofile.html,セフレにできる女のプロフィールとセックスできる自己紹介,../images/art_images/m0sexfriendprofile.jpg
majime/m2conversation.html,出会い系メールの会話の内容,
majime/m2_1_1.html,彼氏いる？一人暮らし？等を聞く質問メールの書き方,
majime/m0_8.html,アダルト掲示板の書き込みの書き方と例文,../images/art_images/m0_8.jpg
majime/m0summer.html,出会い系サイトの夏の出会い攻略法とメッセージ例文,
majime/m3early.html,早めにデートに誘う例文,
majime/m0sexless.html,セックスレスの人妻と不倫する掲示板例文,
majime/m2_9.html,最初の返信メールの書き方,
majime/m3first-meeting-sex.html,初対面の女の子と会ってすぐセックスする方法,
majime/m0_4.html,出会い系の童貞卒業できる掲示板と筆おろし用投稿文,../images/art_images/m0_4.jpg
majime/m0bad-personality.html,出会い系の性格が悪い女性やヤバイ女性の見分け方,
majime/kakikata_t.html,出会い系サイト掲示板書き込み例文と書き方のコツ,../images/art_images/kakikata_t.jpg
majime/m0_2_1.html,プロフィールの自己ＰＲの例文,
majime/m1-beginner.html,出会い系初心者が出会う方法と例文とおすすめサイト,
majime/m2_4.html,出会い系で女性の体型を確認する方法とメール例文,
majime/m1fixed-phrase.html,定型文メールで出会い系サイト攻略,
majime/m0warikiri.html,割り切り防止の掲示板例文,
majime/m0mature-lady.html,熟女掲示板と主婦と不倫セックスする方法,
majime/m1_1.html,出会い系で返事が来るメールの書き方とNGメール例,
majime/m4netnan-technique.html,ネトナンできる出会いアプリと女の子とエッチするテクニック,
majime/m0virgin.html,処女とエッチする掲示板書き込み例文,
majime/m0_12.html,即会いで食事やカラオケに誘う掲示板と投稿文,
majime/m4rookie.html,出会いがない男性や社会人、大学生が出会える恋活掲示板,
majime/m1deaiapplication.html,出会い系アプリで出会えるメッセージ例文,
majime/m2adult-relations.html,大人の関係になる方法とセックスする会話のやりとり,
majime/m1_6.html,趣味を話題にしたファーストメールとオタク彼女を作る方法,
majime/m0papakatsu_no_sex.html,エッチなしのパパの探し方,
majime/mail-applicaton.html,出会い系メールの自動作成アプリのご紹介,../images/art_images/mail-applicaton.jpg
majime/m2papakatsu.html,パパ活のやり方とメッセージのやり取り,
majime/kakikata_t_test.html,出会い系サイト掲示板書き込み例文と書き方のコツ,../images/art_images/kakikata_t.jpg
majime/m0happymail.html,ハッピーメールの掲示板と自己紹介例文,
majime/m1marriedwoman.html,人妻と出会えるファーストメール例文,
majime/m0adultery.html,不倫したい人妻とセックスできる掲示板と投稿例文,
majime/m1girlfriend.html,彼女募集中の男性の恋活用メール例文,
majime/m4yarimokuw.html,ヤリモク男性の特徴といない出会いアプリ,
majime/m4yarimoku.html,ヤリ目（H目的）の出会いのやり方,
majime/date.html,デートの誘い方とデートに誘うメッセージ例文,
majime/m1january.html,クリスマスや年末年始、1月に出会い系で出会う方法と例文,
majime/m0sexy-profile.html,エッチな女性のプロフィールの特徴と探し方,
majime/m0self-introduction.html,出会い系でモテる自己紹介文例文,
majime/m4sexfriend-netonan.html,ネトナン（ネットナンパ）でセフレを作る方法,
majime/m4enderiuraderi.html,出会い系掲示板で援デリや裏デリの見分け方,
majime/m2ngword.html,メールや会話でのNGワードとダメメールサンプル,
majime/kakikata_f.html,出会い系のファーストメール例文とテンプレート,
majime/m2sexfriend.html,セフレの作り方とメールの進め方,
majime/m0_3.html,恋愛用の掲示板投稿例文と恋人の作り方,
majime/m1sexfriendpurpose.html,即エッチやセフレ作りができるファーストメール例文,
majime/m1papakatsu.html,パパ活でエッチする方法と会える掲示板,
majime/m0profile.html,出会えるプロフィールの書き方と例文,
policy/profile.html,管理人のプロフィールと出会い系の経歴,
policy/index.html,サイトポリシー,
policy/sitemap.html,サイトマップ,
policy/log.html,更新履歴,
qa/q8.html,情報が少ない女性へのアプローチ,
qa/q4.html,書き込みのタイミング,
qa/index.html,出会系Ｑ＆Ａ,
qa/q5.html,焦ると出会えない,
qa/q2.html,写メ撮影のテクニック,
qa/q3.html,短文メール（一言メール）の女性への対応,
qa/q1.html,直アドと写メ交換のタイミング,
qa/q6.html,メールが来なくなった,
qa/q7.html,出会い系で出会えない,
site/tel.html,電話認証について,
site/index.html,おすすめ出会い系サイト情報と出会い系サイト攻略法,
site/jewellive.html,ジュエルライブとは？,
site/news_pcmax.html,PCMAX情報-出会い系サイト最新ニュース,
site/registration_pcmax.html,PCMAXの登録方法 男性版,
site/point.html,お試しポイントプレゼント,
site/mixisexfriend.html,mixiのセフレの作り方と出会う方法,
site/wakuwakutel.html,ワクワクメールと電話番号,
site/wakuwakumailadult.html,ワクワクメールで大人の交際,
site/kakaotalksexfriend.html,カカオトークのセフレ募集掲示板とセフレの作り方,
site/registration_pcmax_f.html,PCMAXの登録方法 女性版,
site/nenrei.html,出会い系サイトの年齢確認と撮影用フレーム,
site/pcmaxsexfriendlong.html,PCMAX攻略法 セックスフレンドの作り方,
site/194964_s.html,イククル攻略法 掲示板や伝言板でのセフレの作り方,
site/news_mintj.html,ミントC!Jメール情報-出会い系サイト最新ニュース,
site/yyc_c.html,YYC攻略法 メル友、恋人、セフレの作り方,
site/happymailpoint.html,ハッピーメールポイント増量,
site/happymail_a.html,ハッピーメール攻略法 大人の交際とセフレの作り方,
site/jmail.html,ミントC!Jメール攻略法 セフレの作り方,
